{"topics": [{"id": 0, "centroid": [-0.07862087339162827, 0.13999034540636468, 0.007171109318733215, 0.044943880671178923, 0.012464096960383468, -0.048254500693166634, 0.04411943256855011, -0.11534760816114024, -0.04738909493063577, 0.04773539791678079, -0.035885825943904937, 0.10592151433229446, 0.020225530299586247, -0.060127820438230416, -0.05250218625043519, -0.02963115871838294, -0.045230736237512906, 0.06809134036302567, -0.010362706242480781, 0.06466317921876907, -0.17137408256530762, -0.02209557220339775, 0.004857006972277887, 0.012486211214917713, -0.048222750806724654, 0.044447262221490966, 0.042414791500652214, 0.041115422564577314, -0.020925758597212844, -0.134249731135536, -0.04793037550432608, 0.0023316824808716774, 0.04181271829596721, -0.016125941935118758, -0.08128070983853192, -0.03850386683340651, 0.08901810053553433, 0.03952384405723773, -0.039672017478859053, 0.011342746300974395, -0.06940604077560827, -0.07272940129041672, 0.02043110318481922, 0.08022823261005804, 0.014594389221051243, 0.017650898832019885, -0.013444145305433777, 0.05889175870410167, 0.032465934944110916, -0.0202339980751276, -0.05256073138722219, -0.056647681081211196, 0.08508343249559402, 0.017105516332325064, 0.022180734392958694, 0.0872589647769928, 0.017958004027605057, 0.018547236824056602, 0.0687914714217186, -0.01473467331379652, 0.04023411201221869, 0.06188666447997093, 0.0453922338783741, 0.044901565480064604, 0.08059557527303696, 0.06612958797208032, 0.014046706354597118, -0.0024145031228687735, -0.0670536752701644, -0.011158615541416221, 0.03223830834031105, -0.005309448254822055, -0.06092927939304151, 0.00937458877562429, 0.02381676602665801, 0.038982145488262177, -0.00918952929676627, 0.06629346349230966, 0.0018556676685836284, 0.002811328346639057, -0.05864327142809518, -0.03994149676569738, -0.01256173113582423, 0.05972333252429962, 0.03627719042288605, 0.04243412575730123, -0.021885611688965002, -0.14241725206375122, -0.03146838807455264, -0.043153626125799496, 0.0647404127000086, 0.001503996574873454, 0.014060682903167327, 0.020967807811456733, -0.108462377619911, 0.03802386317844969, -0.0005891188137213613, -0.06530685760966501, 0.007232694050648716, 0.08465811610221863, -0.017727280226307922, -0.03546202965966426, 0.06700170747050085, -0.028512396109062248, -0.030253170439517127, 0.024888789662634955, -0.005719885743398918, 0.11906238874146716, 0.010938586953219493, -0.01710440032184124, 0.05144088829730638, -0.05835020914673805, -0.1504781261440739, -0.005208410883673933, -0.030637581092077308, -0.06825481431467459, 0.04585925078996458, -0.05023830049625598, 0.05213678293815814, -0.04042087533465587, 0.004145568236708641, -0.012442073784768581, -0.07129879257687369, -0.0512683432637807, 0.012606682446557098, 0.027184393256902695, 0.02287900075316429, -1.7245012825940485e-33, -0.010802256874740124, -0.024030597689789723, -0.03208150771843736, -0.013059889897704124, 0.1289287954568863, -0.007739710203547729, -0.04724549129605293, -0.03118934315140825, -0.0848323561428301, 0.045998160558771345, 0.09238482342941687, -0.028218638342577033, -0.052209020423721525, -0.06850992219431326, 0.02322123385965824, -0.009121056646108627, -0.0022721923768546553, -0.03192664329405408, -0.07372412199948915, -0.04086644909390249, -0.03937292433389463, 0.05227486082307063, -0.0007119247397420987, -0.07474596091500485, -0.02917274312070571, 0.04540183060756885, 0.054523437833869835, 0.017608788055139594, -0.03597325850720984, -0.009910878725349903, 0.05220847204327583, 0.04015358986241743, 0.1086219690562971, -0.05298306754835882, -0.05109361673568376, 0.02097791266139131, 0.07047099581965247, -0.026000775396823883, 0.04226563909045421, -0.041479495185446, -0.09655835708329455, 0.02912175636295695, 0.04271431305400096, 0.009873590622800403, -0.00950564448832418, 0.1258917897939682, 0.11921032001921908, -0.07454951814421454, -0.04803548457009718, 0.03462741562119685, 0.0347923373759212, 0.020501755368667655, 0.07706073633440771, -0.010209046304225922, -0.003913929291798851, 0.017588172203281432, 0.02498292158846278, 0.04784525672768243, 0.009829228648564314, -0.03230336738216226, 0.10336726903915405, -0.0644211925743334, -0.031967949503576384, -0.09423616452233867, 0.01622037236090284, -0.020487361228340308, -0.02401069217315875, 0.1027506009098515, 0.03537293934217654, -0.06038139874910005, 0.002343617833408353, 0.039936453104019165, 0.08112032787783072, 0.08680525345819072, -0.08435089141130447, 0.005243519929765026, 0.018909903147837616, -0.03957218380553648, -0.0026009290013462305, 0.038660287666362717, -0.04334309659012594, 0.033319056415474044, -0.0081353243917122, -0.00528186378179933, -0.08718940099427477, -0.0545049395677913, -0.015283198000511622, 0.07583664319523611, 0.06208361427162774, 0.01255932627024362, -0.06359798423060217, 0.018360655659458137, 0.03580056856874843, -0.0402650382281188, -0.0723741348744277, -2.4980299583742407e-34, -0.059088238727794964, 0.002026409364494321, -0.03517911974783522, 0.024943359005493115, -0.04914918503769674, 0.04983985385903158, 0.048186681783283135, 0.03934301435947418, 0.03265039679991548, 0.030928358626323753, 0.13320550322532654, 0.049564000219106674, -0.014690070699092467, -0.0534583255648613, -0.006658448049394647, 0.048007209616731855, 0.018751652815958954, 0.08192773908376694, -0.02913738080254756, -0.03361214678291698, -0.016000851893445946, 0.009178669287243393, 0.015295194461941719, -0.004488907802094473, -0.009771933133837302, 0.027841820022338072, -0.06517652422189713, -0.003898387589667691, -0.022125020623207092, 0.021923058116352187, 0.049534057098459455, -0.0744498830554355, 0.013672378845512867, 0.022568199783563614, 0.024267811709558593, -0.03222587313060184, -0.06449268089516089, 0.025140125685846434, 0.01094580525310943, -0.005123270162205445, -0.013104599064567592, -0.03762410953640938, 0.0018534809350967407, 0.039852474647592756, 0.04359731040009298, -0.013138577342033386, -0.014263368211686611, -0.03571911509637256, -0.05497126730067656, -0.0457160774706956, 0.04867986665947363, -0.026333704590797424, -0.006294710704652826, 0.0012547245953179664, 0.02672215403012, 0.03480113316770178, -0.07144425064325333, 0.07929479483332486, -0.080630808305908, 0.08821496520008892, 0.037986137354290114, 0.06180445553643629, -0.041457437360202895, -0.043566222852552315, 0.007164316347220447, 0.013940959332862404, 0.02375713344220538, -0.032648120266157196, 0.049579658758388837, -0.03194738179445267, 0.015955628922560715, 0.0327515343248425, -0.06154828594906256, -0.02596232724773232, -0.013617987003880554, -0.0553511724053137, 0.09197621716277675, 0.07273625582456589, -0.024858216395848433, 0.026506522861081176, -0.06645511205171237, 0.0076098134741187096, -0.07678333669900894, 0.0011487774377675671, -0.04589024300550111, 0.030506171476799064, 0.034015130060953094, 0.05307887981508859, 0.0009525002037188097, -0.08348579628484325, -0.07735317983618939, 0.02904384191636462, 0.046208124226415535, -0.014559691771864891, -0.10174194130863995, -1.4170671040818484e-08, -0.009761691188791301, -0.05629136117083952, 0.0309608111113729, 0.07407736033201218, -0.0009074357982685616, 0.03631055765739642, -0.04234613850712776, -0.05769245737186633, 0.005799825816591038, -0.04311383181205951, -0.0523752469835151, 0.06417951025954446, 0.010745337518986781, 0.04445075358127244, -0.04826976807696745, -0.011966308674195316, -0.14140372054560113, 0.06045991965523921, -0.04997109583624639, -0.019091792499998123, -0.016297988784271293, 0.03794500288950745, 0.040306777906166394, 0.04413080922373571, -0.02003591713007074, 0.010037695893666243, -0.008462250185023296, 0.04257160759576597, 0.048591378694856545, 0.04631533808120527, -0.06196624489409849, -0.034207862061220215, -0.0011789135169237852, -0.09811635239141063, 0.033652030122238205, -0.13351565828273076, -0.006438933265219676, -0.015028047661420425, -0.02234974355391227, -0.013515111058950424, -0.06593523957720956, -0.027775277024381796, 0.044681522995233536, 